fecha,anio,mes,actividad,clasificacion,descripcion,procedencia
2021-01-19,2021,1,Soldadura,Accidente incapacitante,Quemadura durante soldadura,CALENDARIO DE DEMOSTRACIÓN — FECHAS NO VERIFICADAS
2021-10-07,2021,10,Manipulación de perfiles,Accidente incapacitante,Contusión por perfil,CALENDARIO DE DEMOSTRACIÓN — FECHAS NO VERIFICADAS
2022-03-14,2022,3,Corte y esmerilado,Accidente incapacitante,Lesión ocular por partícula,CALENDARIO DE DEMOSTRACIÓN — FECHAS NO VERIFICADAS
2022-06-23,2022,6,Montaje de estructuras,Accidente incapacitante,Caída durante montaje,CALENDARIO DE DEMOSTRACIÓN — FECHAS NO VERIFICADAS
2023-07-12,2023,7,Manipulación de perfiles,Accidente incapacitante,Corte en mano,CALENDARIO DE DEMOSTRACIÓN — FECHAS NO VERIFICADAS
2024-03-06,2024,3,Trabajo en altura,Accidente incapacitante,Caída a diferente nivel,CALENDARIO DE DEMOSTRACIÓN — FECHAS NO VERIFICADAS
2025-10-14,2025,10,Corte y esmerilado,Accidente incapacitante,Lesión por herramienta,CALENDARIO DE DEMOSTRACIÓN — FECHAS NO VERIFICADAS
2021-02-09,2021,2,Soldadura,Accidente no incapacitante,Quemadura leve con atención inmediata,CALENDARIO DE DEMOSTRACIÓN — FECHAS NO VERIFICADAS
2021-08-18,2021,8,Corte y esmerilado,Accidente no incapacitante,Corte superficial,CALENDARIO DE DEMOSTRACIÓN — FECHAS NO VERIFICADAS
2021-11-22,2021,11,Montaje de estructuras,Accidente no incapacitante,Contusión leve,CALENDARIO DE DEMOSTRACIÓN — FECHAS NO VERIFICADAS
2022-01-13,2022,1,Manipulación de perfiles,Accidente no incapacitante,Golpe leve en mano,CALENDARIO DE DEMOSTRACIÓN — FECHAS NO VERIFICADAS
2022-07-26,2022,7,Soldadura,Accidente no incapacitante,Quemadura superficial,CALENDARIO DE DEMOSTRACIÓN — FECHAS NO VERIFICADAS
2022-10-04,2022,10,Corte y esmerilado,Accidente no incapacitante,Irritación ocular,CALENDARIO DE DEMOSTRACIÓN — FECHAS NO VERIFICADAS
2023-02-15,2023,2,Montaje de estructuras,Accidente no incapacitante,Contusión leve,CALENDARIO DE DEMOSTRACIÓN — FECHAS NO VERIFICADAS
2023-09-11,2023,9,Manipulación de perfiles,Accidente no incapacitante,Corte superficial,CALENDARIO DE DEMOSTRACIÓN — FECHAS NO VERIFICADAS
2024-05-09,2024,5,Soldadura,Accidente no incapacitante,Quemadura leve,CALENDARIO DE DEMOSTRACIÓN — FECHAS NO VERIFICADAS
2024-11-20,2024,11,Izaje de materiales,Accidente no incapacitante,Golpe sin descanso médico,CALENDARIO DE DEMOSTRACIÓN — FECHAS NO VERIFICADAS
2025-04-17,2025,4,Corte y esmerilado,Accidente no incapacitante,Corte leve,CALENDARIO DE DEMOSTRACIÓN — FECHAS NO VERIFICADAS
2025-12-03,2025,12,Montaje de estructuras,Accidente no incapacitante,Contusión leve,CALENDARIO DE DEMOSTRACIÓN — FECHAS NO VERIFICADAS
