id_incidente,fecha,anio,mes,actividad,clasificacion,descripcion,factor_asociado,accion_correctiva,trabajadores_expuestos,estado_accion,procedencia
INC-0001,2021-01-11,2021,1,Izaje de materiales,Cuasi accidente,Deslizamiento de perfil sin causar lesión,Apilamiento inestable,Asegurar perfiles y mejorar almacenamiento,10,Cerrado,DEMOSTRACIÓN — NO VERIFICADO
INC-0002,2021-02-23,2021,2,Soldadura,Cuasi accidente,Deslizamiento de perfil sin causar lesión,Apilamiento inestable,Asegurar perfiles y mejorar almacenamiento,10,Cerrado,DEMOSTRACIÓN — NO VERIFICADO
INC-0003,2021-03-14,2021,3,Izaje de materiales,Incidente sin lesión,Proyección de partículas cerca de un trabajador,Protección de área insuficiente,Instalar pantallas y delimitar zona,7,Pendiente,DEMOSTRACIÓN — NO VERIFICADO
INC-0004,2021-04-03,2021,4,Soldadura,Cuasi accidente,Amago de caída controlado sin lesión,Superficie irregular,Inspeccionar superficie y aplicar protección contra caídas,7,Cerrado,DEMOSTRACIÓN — NO VERIFICADO
INC-0005,2021-05-02,2021,5,Trabajo en altura,Incidente peligroso,Casi tropiezo por cable sobre zona de paso,Orden y limpieza insuficientes,Canalizar cables y despejar pasillos,8,Cerrado,DEMOSTRACIÓN — NO VERIFICADO
INC-0006,2021-06-03,2021,6,Montaje de estructuras,Cuasi accidente,Casi tropiezo por cable sobre zona de paso,Orden y limpieza insuficientes,Canalizar cables y despejar pasillos,9,Cerrado,DEMOSTRACIÓN — NO VERIFICADO
INC-0007,2021-07-24,2021,7,Montaje de estructuras,Incidente sin lesión,Desprendimiento de disco sin lesión,Inspección preuso omitida,Retirar herramienta y revisar discos y guardas,12,Cerrado,DEMOSTRACIÓN — NO VERIFICADO
INC-0008,2021-08-08,2021,8,Montaje de estructuras,Cuasi accidente,Casi tropiezo por cable sobre zona de paso,Orden y limpieza insuficientes,Canalizar cables y despejar pasillos,6,Cerrado,DEMOSTRACIÓN — NO VERIFICADO
INC-0009,2021-09-28,2021,9,Manipulación de perfiles,Cuasi accidente,Deslizamiento de perfil sin causar lesión,Apilamiento inestable,Asegurar perfiles y mejorar almacenamiento,6,Cerrado,DEMOSTRACIÓN — NO VERIFICADO
INC-0010,2021-10-30,2021,10,Corte y esmerilado,Incidente peligroso,Desprendimiento de disco sin lesión,Inspección preuso omitida,Retirar herramienta y revisar discos y guardas,9,Cerrado,DEMOSTRACIÓN — NO VERIFICADO
INC-0011,2021-11-08,2021,11,Soldadura,Cuasi accidente,Casi tropiezo por cable sobre zona de paso,Orden y limpieza insuficientes,Canalizar cables y despejar pasillos,11,Cerrado,DEMOSTRACIÓN — NO VERIFICADO
INC-0012,2021-12-04,2021,12,Montaje de estructuras,Cuasi accidente,Amago de caída controlado sin lesión,Superficie irregular,Inspeccionar superficie y aplicar protección contra caídas,10,Cerrado,DEMOSTRACIÓN — NO VERIFICADO
INC-0019,2022-03-04,2022,3,Montaje de estructuras,Incidente peligroso,Desprendimiento de disco sin lesión,Inspección preuso omitida,Retirar herramienta y revisar discos y guardas,4,Cerrado,DEMOSTRACIÓN — NO VERIFICADO
INC-0023,2022-04-23,2022,4,Montaje de estructuras,Cuasi accidente,Proyección de partículas cerca de un trabajador,Protección de área insuficiente,Instalar pantallas y delimitar zona,3,Cerrado,DEMOSTRACIÓN — NO VERIFICADO
INC-0018,2022-05-23,2022,5,Izaje de materiales,Cuasi accidente,Proyección de partículas cerca de un trabajador,Protección de área insuficiente,Instalar pantallas y delimitar zona,4,Cerrado,DEMOSTRACIÓN — NO VERIFICADO
INC-0013,2022-07-12,2022,7,Izaje de materiales,Cuasi accidente,Caída de herramienta sin contacto con personas,Herramienta sin sujeción,Instalar amarre de herramientas y delimitar área inferior,7,Cerrado,DEMOSTRACIÓN — NO VERIFICADO
INC-0014,2022-09-19,2022,9,Trabajo en altura,Cuasi accidente,Amago de caída controlado sin lesión,Superficie irregular,Inspeccionar superficie y aplicar protección contra caídas,9,Cerrado,DEMOSTRACIÓN — NO VERIFICADO
INC-0022,2022-09-22,2022,9,Corte y esmerilado,Cuasi accidente,Casi tropiezo por cable sobre zona de paso,Orden y limpieza insuficientes,Canalizar cables y despejar pasillos,8,Cerrado,DEMOSTRACIÓN — NO VERIFICADO
INC-0021,2022-10-16,2022,10,Izaje de materiales,Incidente peligroso,Casi tropiezo por cable sobre zona de paso,Orden y limpieza insuficientes,Canalizar cables y despejar pasillos,10,Cerrado,DEMOSTRACIÓN — NO VERIFICADO
INC-0015,2022-10-29,2022,10,Trabajo en altura,Cuasi accidente,Chispa próxima a material combustible,Segregación deficiente de combustibles,Retirar combustibles y verificar permiso de trabajo en caliente,10,Cerrado,DEMOSTRACIÓN — NO VERIFICADO
INC-0016,2022-11-09,2022,11,Soldadura,Cuasi accidente,Amago de caída controlado sin lesión,Superficie irregular,Inspeccionar superficie y aplicar protección contra caídas,8,Cerrado,DEMOSTRACIÓN — NO VERIFICADO
INC-0017,2022-12-26,2022,12,Manipulación de perfiles,Cuasi accidente,Amago de caída controlado sin lesión,Superficie irregular,Inspeccionar superficie y aplicar protección contra caídas,11,Cerrado,DEMOSTRACIÓN — NO VERIFICADO
INC-0020,2022-12-27,2022,12,Corte y esmerilado,Incidente peligroso,Casi tropiezo por cable sobre zona de paso,Orden y limpieza insuficientes,Canalizar cables y despejar pasillos,10,Cerrado,DEMOSTRACIÓN — NO VERIFICADO
INC-0032,2023-01-24,2023,1,Trabajo en altura,Cuasi accidente,Proyección de partículas cerca de un trabajador,Protección de área insuficiente,Instalar pantallas y delimitar zona,6,Cerrado,DEMOSTRACIÓN — NO VERIFICADO
INC-0026,2023-03-30,2023,3,Manipulación de perfiles,Cuasi accidente,Desprendimiento de disco sin lesión,Inspección preuso omitida,Retirar herramienta y revisar discos y guardas,8,Cerrado,DEMOSTRACIÓN — NO VERIFICADO
INC-0028,2023-04-06,2023,4,Soldadura,Cuasi accidente,Amago de caída controlado sin lesión,Superficie irregular,Inspeccionar superficie y aplicar protección contra caídas,8,Cerrado,DEMOSTRACIÓN — NO VERIFICADO
INC-0031,2023-05-29,2023,5,Corte y esmerilado,Incidente sin lesión,Amago de caída controlado sin lesión,Superficie irregular,Inspeccionar superficie y aplicar protección contra caídas,7,Cerrado,DEMOSTRACIÓN — NO VERIFICADO
INC-0027,2023-06-04,2023,6,Soldadura,Cuasi accidente,Contacto cercano con carga suspendida,Delimitación insuficiente de izaje,Reforzar exclusión y señalero autorizado,6,Cerrado,DEMOSTRACIÓN — NO VERIFICADO
INC-0025,2023-06-13,2023,6,Montaje de estructuras,Incidente sin lesión,Casi tropiezo por cable sobre zona de paso,Orden y limpieza insuficientes,Canalizar cables y despejar pasillos,8,Cerrado,DEMOSTRACIÓN — NO VERIFICADO
INC-0029,2023-07-21,2023,7,Corte y esmerilado,Cuasi accidente,Proyección de partículas cerca de un trabajador,Protección de área insuficiente,Instalar pantallas y delimitar zona,5,Cerrado,DEMOSTRACIÓN — NO VERIFICADO
INC-0024,2023-09-18,2023,9,Izaje de materiales,Cuasi accidente,Contacto cercano con carga suspendida,Delimitación insuficiente de izaje,Reforzar exclusión y señalero autorizado,3,Cerrado,DEMOSTRACIÓN — NO VERIFICADO
INC-0033,2023-12-06,2023,12,Trabajo en altura,Cuasi accidente,Contacto cercano con carga suspendida,Delimitación insuficiente de izaje,Reforzar exclusión y señalero autorizado,3,Cerrado,DEMOSTRACIÓN — NO VERIFICADO
INC-0030,2023-12-07,2023,12,Soldadura,Cuasi accidente,Deslizamiento de perfil sin causar lesión,Apilamiento inestable,Asegurar perfiles y mejorar almacenamiento,3,Cerrado,DEMOSTRACIÓN — NO VERIFICADO
INC-0041,2024-02-17,2024,2,Manipulación de perfiles,Cuasi accidente,Chispa próxima a material combustible,Segregación deficiente de combustibles,Retirar combustibles y verificar permiso de trabajo en caliente,10,Cerrado,DEMOSTRACIÓN — NO VERIFICADO
INC-0038,2024-05-01,2024,5,Corte y esmerilado,Incidente peligroso,Caída de herramienta sin contacto con personas,Herramienta sin sujeción,Instalar amarre de herramientas y delimitar área inferior,8,Cerrado,DEMOSTRACIÓN — NO VERIFICADO
INC-0034,2024-05-21,2024,5,Montaje de estructuras,Cuasi accidente,Amago de caída controlado sin lesión,Superficie irregular,Inspeccionar superficie y aplicar protección contra caídas,7,Cerrado,DEMOSTRACIÓN — NO VERIFICADO
INC-0040,2024-05-30,2024,5,Soldadura,Cuasi accidente,Chispa próxima a material combustible,Segregación deficiente de combustibles,Retirar combustibles y verificar permiso de trabajo en caliente,5,Cerrado,DEMOSTRACIÓN — NO VERIFICADO
INC-0039,2024-06-01,2024,6,Manipulación de perfiles,Cuasi accidente,Chispa próxima a material combustible,Segregación deficiente de combustibles,Retirar combustibles y verificar permiso de trabajo en caliente,8,Cerrado,DEMOSTRACIÓN — NO VERIFICADO
INC-0036,2024-07-11,2024,7,Trabajo en altura,Incidente peligroso,Amago de caída controlado sin lesión,Superficie irregular,Inspeccionar superficie y aplicar protección contra caídas,9,Cerrado,DEMOSTRACIÓN — NO VERIFICADO
INC-0037,2024-10-11,2024,10,Manipulación de perfiles,Incidente peligroso,Chispa próxima a material combustible,Segregación deficiente de combustibles,Retirar combustibles y verificar permiso de trabajo en caliente,9,Cerrado,DEMOSTRACIÓN — NO VERIFICADO
INC-0035,2024-10-28,2024,10,Izaje de materiales,Cuasi accidente,Desprendimiento de disco sin lesión,Inspección preuso omitida,Retirar herramienta y revisar discos y guardas,8,Cerrado,DEMOSTRACIÓN — NO VERIFICADO
INC-0042,2024-10-30,2024,10,Trabajo en altura,Cuasi accidente,Amago de caída controlado sin lesión,Superficie irregular,Inspeccionar superficie y aplicar protección contra caídas,4,Cerrado,DEMOSTRACIÓN — NO VERIFICADO
INC-0043,2025-01-08,2025,1,Soldadura,Cuasi accidente,Desprendimiento de disco sin lesión,Inspección preuso omitida,Retirar herramienta y revisar discos y guardas,12,Cerrado,DEMOSTRACIÓN — NO VERIFICADO
INC-0048,2025-03-07,2025,3,Manipulación de perfiles,Incidente sin lesión,Contacto cercano con carga suspendida,Delimitación insuficiente de izaje,Reforzar exclusión y señalero autorizado,3,Pendiente,DEMOSTRACIÓN — NO VERIFICADO
INC-0050,2025-03-13,2025,3,Montaje de estructuras,Cuasi accidente,Amago de caída controlado sin lesión,Superficie irregular,Inspeccionar superficie y aplicar protección contra caídas,7,Pendiente,DEMOSTRACIÓN — NO VERIFICADO
INC-0045,2025-04-29,2025,4,Corte y esmerilado,Cuasi accidente,Desprendimiento de disco sin lesión,Inspección preuso omitida,Retirar herramienta y revisar discos y guardas,3,Pendiente,DEMOSTRACIÓN — NO VERIFICADO
INC-0049,2025-05-01,2025,5,Corte y esmerilado,Incidente peligroso,Caída de herramienta sin contacto con personas,Herramienta sin sujeción,Instalar amarre de herramientas y delimitar área inferior,4,Cerrado,DEMOSTRACIÓN — NO VERIFICADO
INC-0046,2025-07-17,2025,7,Corte y esmerilado,Cuasi accidente,Desprendimiento de disco sin lesión,Inspección preuso omitida,Retirar herramienta y revisar discos y guardas,6,Pendiente,DEMOSTRACIÓN — NO VERIFICADO
INC-0044,2025-08-04,2025,8,Montaje de estructuras,Cuasi accidente,Deslizamiento de perfil sin causar lesión,Apilamiento inestable,Asegurar perfiles y mejorar almacenamiento,3,Cerrado,DEMOSTRACIÓN — NO VERIFICADO
INC-0047,2025-10-29,2025,10,Soldadura,Incidente peligroso,Deslizamiento de perfil sin causar lesión,Apilamiento inestable,Asegurar perfiles y mejorar almacenamiento,10,Cerrado,DEMOSTRACIÓN — NO VERIFICADO
